{
  "RUN_NAME": "SAC_4_imgs_pretrained",
  "RESET_TRAINING": false,
  "BUFFERS_MAXLEN": 500000,
  "RW_MAX_SAMPLES_PER_EPISODE": 1000,
  "CUDA_TRAINING": true,
  "CUDA_INFERENCE": false,
  "VIRTUAL_GAMEPAD": true,
  "DCAC": false,
  "LOCALHOST_WORKER": true,
  "LOCALHOST_TRAINER": true,
  "PUBLIC_IP_SERVER": "0.0.0.0",
  "PASSWORD": "==>TMRL@UseASecurePasswordHere!<==",
  "TLS": false,
  "TLS_HOSTNAME": "default",
  "TLS_CREDENTIALS_DIRECTORY": "",
  "NB_WORKERS": -1,
  "PORT": 55555,
  "LOCAL_PORT_SERVER": 55556,
  "LOCAL_PORT_TRAINER": 55557,
  "LOCAL_PORT_WORKER": 55558,
  "WANDB_PROJECT": "tmrl",
  "WANDB_ENTITY": "tmrl",
  "WANDB_KEY": "df28d4daa98d2df2557d74caf78e40c68adaf288",
  "BUFFER_SIZE": 536870912,
  "HEADER_SIZE": 12,
  "MAX_EPOCHS": 10000,
  "ROUNDS_PER_EPOCH": 10,
  "TRAINING_STEPS_PER_ROUND": 1000,
  "MAX_TRAINING_STEPS_PER_ENVIRONMENT_STEP": 4.0,
  "ENVIRONMENT_STEPS_BEFORE_TRAINING": 1000,
  "UPDATE_MODEL_INTERVAL": 1000,
  "UPDATE_BUFFER_INTERVAL": 1000,
  "SAVE_MODEL_EVERY": 0,
  "MEMORY_SIZE": 1000000,
  "BATCH_SIZE": 256,
  "ALG": {
    "ALGORITHM": "SAC",
    "LEARN_ENTROPY_COEF":false,
    "LR_ACTOR":0.00001,
    "LR_CRITIC":0.00005,
    "LR_ENTROPY":0.0003,
    "GAMMA":0.995,
    "POLYAK":0.995,
    "TARGET_ENTROPY":-0.5,
    "ALPHA":0.01,
    "REDQ_N":10,
    "REDQ_M":2,
    "REDQ_Q_UPDATES_PER_POLICY_UPDATE":20
  },
  "ENV": {
    "RTGYM_INTERFACE": "TM20IMAGES",
    "WINDOW_WIDTH": 256,
    "WINDOW_HEIGHT": 128,
    "IMG_WIDTH": 64,
    "IMG_HEIGHT": 64,
    "IMG_GRAYSCALE": true,
    "SLEEP_TIME_AT_RESET": 1.5,
    "IMG_HIST_LEN": 4,
    "RTGYM_CONFIG": {
      "time_step_duration": 0.05,
      "start_obs_capture": 0.04,
      "time_step_timeout_factor": 1.0,
      "act_buf_len": 2,
      "benchmark": false,
      "wait_on_done": true
    }
  }
}
